Time,Temperature,Humidity,SoilMoisture
2025-03-05T14:13:51Z,30.20,68.00,2642
2025-03-05T14:15:35Z,30.20,67.00,2671
2025-03-05T14:15:35Z,30.20,67.00,2671
2025-03-05T14:15:35Z,30.20,67.00,2671
2025-03-05T14:15:35Z,30.20,67.00,2671
2025-03-05T14:15:35Z,30.20,67.00,2671
2025-03-05T14:18:19Z,30.80,98.00,2627
2025-03-05T14:19:11Z,30.20,67.00,2651
2025-03-05T14:19:41Z,30.20,67.00,2645
2025-03-05T14:19:57Z,29.80,68.00,2625
2025-03-05T14:20:30Z,29.80,68.00,2672
2025-03-05T14:23:43Z,29.80,68.00,2702
2025-03-05T14:23:43Z,29.80,68.00,2702
2025-03-05T14:23:43Z,29.80,68.00,2702
2025-03-05T14:23:43Z,29.80,68.00,2702
2025-03-05T14:23:43Z,29.80,68.00,2702
2025-03-05T14:23:43Z,29.80,68.00,2702
2025-03-05T14:23:43Z,29.80,68.00,2702
2025-03-05T14:23:43Z,29.80,68.00,2702
2025-03-05T14:23:43Z,29.80,68.00,2702
2025-03-05T14:23:43Z,29.80,68.00,2702
2025-03-05T14:23:43Z,29.80,68.00,2702
2025-03-05T14:23:43Z,29.80,68.00,2702
2025-03-05T14:23:43Z,29.80,68.00,2702
2025-03-05T14:23:43Z,29.80,68.00,2702
2025-03-05T14:23:43Z,29.80,68.00,2702
2025-03-05T14:23:43Z,29.80,68.00,2702
2025-03-05T14:23:43Z,29.80,68.00,2702
2025-03-05T14:23:43Z,29.80,68.00,2702
2025-03-05T14:23:43Z,29.80,68.00,2702
2025-03-05T14:23:43Z,29.80,68.00,2702
2025-03-05T14:23:43Z,29.80,68.00,2702
2025-03-05T14:23:43Z,29.80,68.00,2702
2025-03-05T14:23:43Z,29.80,68.00,2702
2025-03-05T14:23:43Z,29.80,68.00,2702
2025-03-05T14:23:43Z,29.80,68.00,2702
2025-03-05T14:23:43Z,29.80,68.00,2702
2025-03-05T14:23:43Z,29.80,68.00,2702
2025-03-05T14:23:43Z,29.80,68.00,2702
2025-03-05T14:23:43Z,29.80,68.00,2702
2025-03-05T14:23:43Z,29.80,68.00,2702
2025-03-05T14:23:43Z,29.80,68.00,2702
2025-03-05T14:23:43Z,29.80,68.00,2702
2025-03-05T14:23:43Z,29.80,68.00,2702
2025-03-05T14:23:43Z,29.80,68.00,2702
2025-03-05T14:23:43Z,29.80,68.00,2702
2025-03-05T14:23:43Z,29.80,68.00,2702
2025-03-05T14:23:43Z,29.80,68.00,2702
2025-03-05T14:23:43Z,29.80,68.00,2702
2025-03-05T14:23:43Z,29.80,68.00,2702
2025-03-05T14:23:43Z,29.80,68.00,2702
2025-03-05T14:23:43Z,29.80,68.00,2702
2025-03-05T14:23:43Z,29.80,68.00,2702
2025-03-05T14:23:43Z,29.80,68.00,2702
2025-03-05T14:23:43Z,29.80,68.00,2702
2025-03-05T14:23:43Z,29.80,68.00,2702
2025-03-05T14:23:43Z,29.80,68.00,2702
2025-03-05T14:23:43Z,29.80,68.00,2702
2025-03-05T14:23:43Z,29.80,68.00,2702
2025-03-05T14:23:43Z,29.80,68.00,2702
2025-03-05T14:23:43Z,29.80,68.00,2702
2025-03-05T14:23:43Z,29.80,68.00,2702
2025-03-05T14:23:43Z,29.80,68.00,2702
2025-03-05T14:23:43Z,29.80,68.00,2702
2025-03-05T14:23:43Z,29.80,68.00,2702
2025-03-05T14:23:43Z,29.80,68.00,2702
2025-03-05T14:23:43Z,29.80,68.00,2702
2025-03-05T14:23:43Z,29.80,68.00,2702
2025-03-05T14:23:43Z,29.80,68.00,2702
2025-03-05T14:23:43Z,29.80,68.00,2702
2025-03-05T14:23:43Z,29.80,68.00,2702
2025-03-05T14:23:43Z,29.80,68.00,2702
2025-03-05T14:23:43Z,29.80,68.00,2702
2025-03-05T14:23:43Z,29.80,68.00,2702
2025-03-05T14:23:43Z,29.80,68.00,2702
2025-03-05T14:23:43Z,29.80,68.00,2702
2025-03-05T14:23:43Z,29.80,68.00,2702
2025-03-05T14:23:43Z,29.80,68.00,2702
2025-03-05T14:23:43Z,29.80,68.00,2702
2025-03-05T14:23:43Z,29.80,68.00,2702
2025-03-05T14:23:43Z,29.80,68.00,2702
2025-03-05T14:23:43Z,29.80,68.00,2702
2025-03-05T14:23:43Z,29.80,68.00,2702
2025-03-05T14:23:43Z,29.80,68.00,2702
2025-03-05T14:23:43Z,29.80,68.00,2702
2025-03-05T14:23:43Z,29.80,68.00,2702
2025-03-05T14:23:43Z,29.80,68.00,2702
2025-03-05T14:23:43Z,29.80,68.00,2702
2025-03-05T14:23:43Z,29.80,68.00,2702
2025-03-05T14:23:43Z,29.80,68.00,2702
2025-03-05T14:23:43Z,29.80,68.00,2702
2025-03-05T14:23:43Z,29.80,68.00,2702
2025-03-05T14:23:43Z,29.80,68.00,2702
2025-03-05T14:23:43Z,29.80,68.00,2702
2025-03-05T14:23:43Z,29.80,68.00,2702
2025-03-05T14:23:43Z,29.80,68.00,2702
2025-03-05T14:23:43Z,29.80,68.00,2702
2025-03-05T14:23:43Z,29.80,68.00,2702
2025-03-05T14:23:43Z,29.80,68.00,2702
2025-03-05T14:23:43Z,29.80,68.00,2702
2025-03-05T14:23:43Z,29.80,68.00,2702
2025-03-05T14:23:43Z,29.80,68.00,2702
2025-03-05T14:23:43Z,29.80,68.00,2702
2025-03-05T14:23:43Z,29.80,68.00,2702
2025-03-05T14:23:43Z,29.80,68.00,2702
2025-03-05T14:23:43Z,29.80,68.00,2702
2025-03-05T14:23:43Z,29.80,68.00,2702
2025-03-05T14:23:43Z,29.80,68.00,2702
2025-03-05T14:23:43Z,29.80,68.00,2702
2025-03-05T14:23:43Z,29.80,68.00,2702
2025-03-05T14:23:43Z,29.80,68.00,2702
2025-03-05T14:23:43Z,29.80,68.00,2702
2025-03-05T14:23:43Z,29.80,68.00,2702
2025-03-05T14:23:43Z,29.80,68.00,2702
2025-03-05T14:23:43Z,29.80,68.00,2702
2025-03-05T14:23:43Z,29.80,68.00,2702
2025-03-05T14:23:43Z,29.80,68.00,2702
2025-03-05T14:23:43Z,29.80,68.00,2702
2025-03-05T14:23:43Z,29.80,68.00,2702
2025-03-05T14:23:43Z,29.80,68.00,2702
2025-03-05T14:23:43Z,29.80,68.00,2702
2025-03-05T14:23:43Z,29.80,68.00,2702
2025-03-05T14:23:43Z,29.80,68.00,2702
2025-03-05T14:23:43Z,29.80,68.00,2702
2025-03-05T14:23:43Z,29.80,68.00,2702
2025-03-05T14:23:43Z,29.80,68.00,2702
2025-03-05T14:23:43Z,29.80,68.00,2702
2025-03-05T14:23:43Z,29.80,68.00,2702
2025-03-05T14:23:43Z,29.80,68.00,2702
2025-03-05T14:23:43Z,29.80,68.00,2702
2025-03-05T14:23:43Z,29.80,68.00,2702
2025-03-05T14:23:43Z,29.80,68.00,2702
2025-03-05T14:23:43Z,29.80,68.00,2702
2025-03-05T14:23:43Z,29.80,68.00,2702
2025-03-05T14:23:43Z,29.80,68.00,2702
2025-03-05T14:23:43Z,29.80,68.00,2702
2025-03-05T14:23:43Z,29.80,68.00,2702
2025-03-05T14:23:43Z,29.80,68.00,2702
2025-03-05T14:23:43Z,29.80,68.00,2702
2025-03-05T14:23:43Z,29.80,68.00,2702
2025-03-05T14:23:43Z,29.80,68.00,2702
2025-03-05T14:23:43Z,29.80,68.00,2702
2025-03-05T14:23:43Z,29.80,68.00,2702
2025-03-05T14:23:43Z,29.80,68.00,2702
2025-03-05T14:23:43Z,29.80,68.00,2702
2025-03-05T14:23:43Z,29.80,68.00,2702
2025-03-05T14:23:43Z,29.80,68.00,2702
2025-03-05T14:23:43Z,29.80,68.00,2702
2025-03-05T14:23:43Z,29.80,68.00,2702
2025-03-05T14:23:43Z,29.80,68.00,2702
2025-03-05T14:23:43Z,29.80,68.00,2702
2025-03-05T14:23:43Z,29.80,68.00,2702
2025-03-05T14:23:43Z,29.80,68.00,2702
2025-03-05T14:23:43Z,29.80,68.00,2702
2025-03-05T14:23:43Z,29.80,68.00,2702
2025-03-05T14:23:43Z,29.80,68.00,2702
2025-03-05T14:23:43Z,29.80,68.00,2702
2025-03-05T14:23:43Z,29.80,68.00,2702
2025-03-05T14:23:43Z,29.80,68.00,2702
2025-03-05T14:23:43Z,29.80,68.00,2702
2025-03-05T14:23:43Z,29.80,68.00,2702
2025-03-05T14:23:43Z,29.80,68.00,2702
2025-03-05T14:23:43Z,29.80,68.00,2702
2025-03-05T14:23:43Z,29.80,68.00,2702
2025-03-05T14:23:43Z,29.80,68.00,2702
2025-03-05T14:23:43Z,29.80,68.00,2702
2025-03-05T14:23:43Z,29.80,68.00,2702
2025-03-05T14:23:43Z,29.80,68.00,2702
2025-03-05T14:23:43Z,29.80,68.00,2702
2025-03-05T14:23:43Z,29.80,68.00,2702
2025-03-05T14:23:43Z,29.80,68.00,2702
2025-03-06T12:21:33Z,31.80,57.00,2980
2025-03-06T12:21:33Z,31.80,57.00,2980
2025-03-06T12:22:05Z,31.80,57.00,3020
2025-03-06T12:22:22Z,31.80,57.00,3011
2025-03-06T12:22:56Z,31.40,57.00,2993
2025-03-06T12:23:32Z,31.30,57.00,3029
2025-03-06T12:24:06Z,31.30,57.00,3042
2025-03-06T12:24:37Z,31.30,57.00,3009
2025-03-06T12:25:10Z,31.30,57.00,3024
2025-03-06T12:25:28Z,31.30,57.00,3056
2025-03-06T12:26:01Z,31.30,57.00,3032
2025-03-06T12:26:32Z,31.30,57.00,3009
2025-03-06T12:27:06Z,31.30,57.00,3024
2025-03-06T12:27:39Z,31.30,57.00,3041
2025-03-06T12:28:13Z,31.30,57.00,3037
2025-03-06T12:28:46Z,31.30,57.00,3041
2025-03-06T12:29:18Z,31.30,57.00,3032
2025-03-06T12:29:36Z,31.30,57.00,3056
2025-03-06T12:30:10Z,31.30,57.00,3042
2025-03-06T12:30:44Z,31.30,57.00,3034
2025-03-06T12:31:21Z,31.30,57.00,3026
2025-03-06T12:31:51Z,31.30,57.00,3077
2025-03-06T12:32:07Z,31.30,57.00,3039
2025-03-06T12:32:41Z,31.30,57.00,3044
2025-03-06T12:33:16Z,31.30,57.00,3024
2025-03-06T12:33:50Z,31.40,57.00,3035
2025-03-06T12:34:27Z,31.30,57.00,3039
2025-03-06T12:34:58Z,31.30,57.00,3060
2025-03-06T12:35:16Z,31.30,57.00,3072
2025-03-06T12:35:49Z,31.30,57.00,3027
2025-03-06T12:36:19Z,31.30,57.00,3072
2025-03-06T12:36:50Z,31.30,57.00,3034
2025-03-06T12:37:24Z,31.50,57.00,3062
2025-03-06T12:38:04Z,31.30,56.00,3036
2025-03-06T12:38:34Z,31.30,57.00,3023
2025-03-06T12:38:49Z,31.30,56.00,3048
2025-03-06T12:39:23Z,31.30,56.00,3050
2025-03-06T12:39:58Z,31.30,56.00,3048
2025-03-06T12:40:29Z,31.30,56.00,3025
2025-03-06T12:41:06Z,31.30,56.00,3023
2025-03-06T12:41:40Z,31.30,56.00,3081
2025-03-06T12:41:56Z,31.30,56.00,3055
2025-03-06T12:42:32Z,31.30,56.00,3023
2025-03-06T12:43:10Z,31.30,56.00,3053
2025-03-06T12:43:44Z,31.30,56.00,3076
2025-03-06T12:43:59Z,31.30,56.00,3080
2025-03-06T12:44:36Z,31.30,56.00,3018
2025-03-06T12:45:06Z,31.30,56.00,3048
2025-03-06T12:45:41Z,31.30,56.00,3036
2025-03-06T12:46:18Z,31.30,56.00,3048
2025-03-06T12:46:36Z,31.30,56.00,3055
2025-03-06T12:47:06Z,31.30,56.00,3062
2025-03-06T12:47:40Z,31.30,55.00,3062
2025-03-06T12:48:13Z,31.30,55.00,3042
2025-03-06T12:48:43Z,31.30,55.00,3008
2025-03-06T12:49:18Z,31.30,56.00,3028
2025-03-06T12:49:49Z,31.30,56.00,3021
2025-03-06T12:50:23Z,31.30,56.00,3025
2025-03-06T12:50:39Z,31.30,56.00,3019
2025-03-06T12:51:12Z,31.30,56.00,3024
2025-03-06T12:51:46Z,31.30,56.00,3055
2025-03-06T12:52:17Z,31.30,55.00,3008
2025-03-06T12:52:50Z,31.30,56.00,3061
2025-03-06T12:53:23Z,31.30,56.00,3051
2025-03-06T12:53:57Z,31.30,56.00,3013
2025-03-06T12:54:17Z,31.30,56.00,3009
2025-03-06T12:54:51Z,31.30,55.00,3028
2025-03-06T12:55:22Z,31.30,55.00,3061
2025-03-06T12:55:54Z,31.30,55.00,3018
2025-03-06T12:56:31Z,31.30,55.00,3023
2025-03-06T12:57:05Z,31.30,55.00,3022
2025-03-06T12:57:37Z,31.30,55.00,3028
2025-03-06T12:57:53Z,31.30,55.00,3017
2025-03-06T12:58:26Z,31.30,55.00,3018
2025-03-06T12:58:58Z,31.30,55.00,3043
2025-03-06T12:59:33Z,31.30,55.00,2991
2025-03-06T13:00:04Z,31.30,55.00,3004
2025-03-06T13:00:40Z,31.30,55.00,3042
2025-03-06T13:01:14Z,31.30,55.00,3012
2025-03-06T13:01:44Z,31.30,55.00,3040
2025-03-06T13:01:59Z,31.30,55.00,2995
2025-03-06T13:02:36Z,31.30,55.00,2991
2025-03-06T13:03:10Z,31.30,55.00,3025
2025-03-06T13:03:41Z,31.30,55.00,2981
2025-03-06T13:04:11Z,31.30,55.00,3023
2025-03-06T13:04:45Z,31.30,55.00,2997
2025-03-06T13:05:19Z,31.30,55.00,2995
2025-03-06T13:05:49Z,31.30,55.00,2968
2025-03-06T13:06:25Z,31.30,55.00,2976
2025-03-06T13:06:55Z,31.30,55.00,2979
2025-03-06T13:07:25Z,31.30,55.00,3017
2025-03-06T13:07:40Z,31.30,55.00,2993
2025-03-06T13:08:14Z,31.30,55.00,3000
2025-03-06T13:08:52Z,31.30,55.00,2969
2025-03-06T13:09:29Z,31.30,55.00,2978
2025-03-06T13:09:45Z,31.30,55.00,2975
2025-03-06T13:10:18Z,31.30,55.00,3007
2025-03-06T13:10:52Z,31.30,55.00,2963
2025-03-06T13:11:23Z,31.30,55.00,2983
2025-03-06T13:12:00Z,31.30,55.00,2947
2025-03-06T13:12:34Z,31.30,55.00,2990
2025-03-06T13:12:56Z,31.30,55.00,2961
2025-03-06T13:13:28Z,31.30,55.00,2945
2025-03-06T13:14:02Z,31.30,55.00,2992
2025-03-06T13:14:36Z,31.30,55.00,2991
2025-03-06T13:15:09Z,31.30,55.00,2950
2025-03-06T13:15:28Z,31.30,55.00,2941
2025-03-06T13:16:02Z,31.30,55.00,2960
2025-03-06T13:16:38Z,31.30,55.00,2943
2025-03-06T13:17:15Z,31.30,55.00,2941
2025-03-06T13:17:34Z,31.30,55.00,2953
2025-03-06T13:18:07Z,31.30,55.00,2950
2025-03-06T13:18:38Z,31.30,55.00,2961
2025-03-06T13:19:12Z,30.80,55.00,2957
2025-03-06T13:19:46Z,30.80,55.00,2931
2025-03-06T13:20:05Z,30.80,55.00,2917
2025-03-06T13:20:42Z,30.80,55.00,2945
2025-03-06T13:21:13Z,30.80,55.00,2894
2025-03-06T13:21:47Z,30.80,55.00,2943
2025-03-06T13:22:24Z,30.80,55.00,2922
2025-03-06T13:22:56Z,30.80,55.00,2910
2025-03-06T13:23:26Z,30.80,55.00,2895
2025-03-06T13:23:57Z,30.80,55.00,2889
2025-03-06T13:24:14Z,30.80,55.00,2933
2025-03-06T13:24:44Z,30.80,55.00,2880
2025-03-06T13:25:21Z,30.80,55.00,2910
2025-03-06T13:25:51Z,30.80,55.00,2885
2025-03-06T13:26:25Z,30.80,55.00,2872
2025-03-06T13:26:59Z,30.80,56.00,2876
2025-03-06T13:27:18Z,30.80,56.00,2872
2025-03-06T13:27:54Z,30.80,56.00,2863
2025-03-06T13:28:31Z,30.80,56.00,2850
2025-03-06T13:29:05Z,30.80,56.00,2874
2025-03-06T13:29:35Z,30.80,56.00,2853
2025-03-06T13:29:53Z,30.80,56.00,2846
2025-03-06T13:30:27Z,30.80,56.00,2844
2025-03-06T13:31:04Z,30.80,56.00,2852
2025-03-06T13:31:22Z,30.80,56.00,2825
2025-03-06T13:31:59Z,30.80,56.00,2869
2025-03-06T13:32:33Z,30.80,56.00,2864
2025-03-06T13:33:06Z,30.80,56.00,2848
2025-03-06T13:33:36Z,30.80,56.00,2831
2025-03-06T13:34:10Z,30.80,56.00,2860
2025-03-06T13:34:43Z,30.80,56.00,2824
2025-03-06T13:35:14Z,30.80,56.00,2822
2025-03-06T13:35:47Z,30.80,56.00,2836
2025-03-06T13:36:05Z,30.80,56.00,2824
2025-03-06T13:36:40Z,30.80,56.00,2837
2025-03-06T13:37:16Z,30.80,56.00,2814
2025-03-06T13:37:50Z,30.80,56.00,2851
2025-03-06T13:38:08Z,30.80,56.00,2834
2025-03-06T13:38:45Z,30.80,56.00,2849
2025-03-06T13:39:23Z,30.80,56.00,2831
2025-03-06T13:39:42Z,30.80,56.00,2831
2025-03-06T13:40:15Z,30.80,56.00,2831
2025-03-06T13:40:49Z,30.80,56.00,2836
2025-03-06T13:41:25Z,30.80,56.00,2816
2025-03-06T13:41:44Z,30.80,56.00,2845
2025-03-06T13:42:17Z,30.80,56.00,2832
2025-03-06T13:42:54Z,30.80,56.00,2816
2025-03-06T13:43:27Z,30.80,56.00,2836
2025-03-06T13:43:46Z,30.80,56.00,2847
2025-03-06T13:44:22Z,30.80,56.00,2824
2025-03-06T13:44:55Z,30.80,56.00,2832
2025-03-06T13:45:32Z,30.80,56.00,2820
2025-03-06T13:45:50Z,30.80,56.00,2842
2025-03-06T13:46:26Z,30.80,56.00,2799
2025-03-06T13:47:03Z,30.80,56.00,2818
2025-03-06T13:47:21Z,30.80,56.00,2830
2025-03-06T13:47:56Z,30.80,57.00,2846
2025-03-06T13:48:33Z,30.80,57.00,2813
2025-03-06T13:48:51Z,30.80,57.00,2821
2025-03-06T13:49:25Z,30.80,57.00,2827
2025-03-06T13:50:01Z,30.80,57.00,2799
2025-03-06T13:50:31Z,30.80,57.00,2799
2025-03-06T13:51:02Z,30.80,57.00,2822
2025-03-06T13:51:39Z,30.80,57.00,2821
2025-03-06T13:52:15Z,30.80,57.00,2808
2025-03-06T13:52:30Z,30.80,57.00,2814
2025-03-06T13:53:07Z,30.80,57.00,2838
2025-03-06T13:53:38Z,30.80,57.00,2815
2025-03-06T13:54:12Z,30.80,57.00,2819
2025-03-06T13:54:46Z,30.80,57.00,2830
2025-03-06T13:55:20Z,30.80,57.00,2815
2025-03-06T13:55:38Z,30.80,57.00,2792
2025-03-06T13:56:08Z,30.80,57.00,2797
2025-03-06T13:56:39Z,30.80,57.00,2773
2025-03-06T13:57:09Z,30.80,57.00,2808
2025-03-06T13:57:43Z,30.80,57.00,2802
2025-03-06T13:58:17Z,30.80,57.00,2817
2025-03-06T13:58:52Z,30.80,57.00,2812
2025-03-06T13:59:26Z,30.80,57.00,2793
2025-03-06T13:59:57Z,30.80,57.00,2799
2025-03-06T14:00:16Z,30.80,57.00,2764
2025-03-06T14:00:46Z,30.80,57.00,2785
2025-03-06T14:01:20Z,30.80,57.00,2785
2025-03-06T14:01:54Z,30.80,57.00,2798
2025-03-06T14:02:26Z,30.80,57.00,2818
2025-03-06T14:03:00Z,30.80,57.00,2769
2025-03-06T14:03:19Z,30.80,57.00,2815
2025-03-06T14:03:52Z,30.80,57.00,2756
2025-03-06T14:04:32Z,30.80,57.00,2810
2025-03-06T14:04:51Z,30.80,57.00,2788
2025-03-06T14:05:24Z,30.80,57.00,2816
2025-03-06T14:05:58Z,30.80,57.00,2815
2025-03-06T14:06:35Z,30.80,57.00,2767
2025-03-06T14:07:05Z,30.80,57.00,2784
2025-03-06T14:07:39Z,30.80,57.00,2777
2025-03-06T14:07:58Z,30.80,57.00,2763
2025-03-06T14:08:30Z,30.80,57.00,2799
2025-03-06T14:09:08Z,30.80,57.00,2786
2025-03-06T14:09:26Z,30.80,57.00,2785
2025-03-06T14:10:00Z,30.80,57.00,2770
2025-03-06T14:10:37Z,30.80,57.00,2767
2025-03-06T14:11:10Z,30.80,57.00,2778
2025-03-06T14:11:29Z,30.80,57.00,2762
2025-03-06T14:12:06Z,30.80,57.00,2798
2025-03-06T14:12:39Z,30.80,57.00,2780
2025-03-06T14:13:14Z,30.80,57.00,2763
2025-03-06T14:13:33Z,30.80,57.00,2746
2025-03-06T14:14:12Z,30.80,57.00,2795
2025-03-06T14:14:45Z,30.80,58.00,2768
2025-03-06T14:15:16Z,30.80,58.00,2749
2025-03-06T14:15:52Z,30.60,58.00,2783
2025-03-06T14:16:11Z,30.20,58.00,2759
2025-03-06T14:16:44Z,30.20,58.00,2788
2025-03-06T14:17:03Z,30.20,58.00,2782
2025-03-06T14:17:45Z,30.80,58.00,2728
2025-03-06T14:18:22Z,30.80,58.00,2756
2025-03-06T14:18:57Z,30.80,58.00,2767
2025-03-06T14:19:15Z,30.80,58.00,2741
2025-03-06T14:19:56Z,30.80,58.00,2735
2025-03-06T14:20:14Z,30.80,58.00,2776
2025-03-06T14:20:51Z,30.80,58.00,2735
2025-03-06T14:21:25Z,30.80,58.00,2761
2025-03-06T14:21:58Z,30.80,58.00,2728
2025-03-06T14:22:31Z,30.80,58.00,2767
2025-03-06T14:22:50Z,30.80,58.00,2756
2025-03-06T14:23:24Z,30.80,58.00,2737
2025-03-06T14:23:57Z,30.80,58.00,2740
2025-03-06T14:24:34Z,30.80,58.00,2707
2025-03-06T14:24:52Z,30.80,58.00,2765
2025-03-06T14:25:28Z,30.80,58.00,2737
2025-03-06T14:25:59Z,30.80,58.00,2732
2025-03-06T14:26:36Z,30.80,58.00,2754
2025-03-06T14:27:09Z,30.80,58.00,2716
2025-03-06T14:27:40Z,30.80,58.00,2717
2025-03-06T14:28:10Z,30.80,58.00,2740
2025-03-06T14:28:28Z,30.80,58.00,2739
2025-03-06T14:28:59Z,30.80,58.00,2721
2025-03-06T14:29:32Z,30.80,58.00,2699
2025-03-06T14:30:06Z,30.80,58.00,2751
2025-03-06T14:30:36Z,30.80,58.00,2704
2025-03-06T14:31:15Z,30.80,58.00,2708
2025-03-06T14:31:30Z,30.80,58.00,2697
2025-03-06T14:32:07Z,30.80,59.00,2728
2025-03-06T14:32:40Z,30.80,58.00,2733
2025-03-06T14:33:13Z,30.80,58.00,2718
2025-03-06T14:33:50Z,30.80,58.00,2729
2025-03-06T14:34:06Z,30.80,58.00,2703
2025-03-06T14:34:43Z,30.80,59.00,2725
2025-03-06T14:35:17Z,30.80,59.00,2696
2025-03-06T14:35:50Z,30.80,59.00,2716
2025-03-06T14:36:25Z,30.80,59.00,2690
2025-03-06T14:36:43Z,30.80,59.00,2703
2025-03-06T14:37:20Z,30.80,58.00,2701
2025-03-06T14:37:55Z,30.80,59.00,2702
2025-03-06T14:38:10Z,30.80,59.00,2698
2025-03-06T14:38:47Z,30.80,58.00,2703
2025-03-06T14:39:20Z,30.80,58.00,2682
2025-03-06T14:39:54Z,30.50,59.00,2686
2025-03-06T14:40:25Z,30.20,59.00,2709
2025-03-06T14:40:58Z,30.20,59.00,2717
2025-03-06T14:41:31Z,30.20,59.00,2689
2025-03-06T14:42:03Z,30.20,59.00,2690
2025-03-06T14:42:21Z,30.20,59.00,2686
2025-03-06T14:42:55Z,30.20,59.00,2672
2025-03-06T14:43:28Z,30.20,59.00,2722
2025-03-06T14:44:01Z,30.20,59.00,2700
2025-03-06T14:44:32Z,30.20,59.00,2688
2025-03-06T14:45:03Z,30.20,59.00,2693
2025-03-06T14:45:37Z,30.20,59.00,2692
2025-03-06T14:45:55Z,30.20,60.00,2714
2025-03-06T14:46:26Z,30.20,59.00,2673
2025-03-06T14:46:56Z,30.20,59.00,2660
2025-03-06T14:47:30Z,30.20,59.00,2703
2025-03-06T14:48:01Z,30.20,59.00,2666
2025-03-06T14:48:35Z,30.20,59.00,2646
2025-03-06T14:49:10Z,30.20,59.00,2652
2025-03-06T14:49:28Z,30.20,59.00,2648
2025-03-06T14:50:05Z,30.20,60.00,2671
2025-03-06T14:50:35Z,30.20,60.00,2684
2025-03-06T14:51:06Z,30.20,60.00,2645
2025-03-06T14:51:36Z,30.20,60.00,2696
2025-03-06T14:52:10Z,30.20,60.00,2698
2025-03-06T14:52:47Z,30.20,60.00,2691
2025-03-06T14:53:21Z,30.20,60.00,2657
2025-03-06T14:53:39Z,30.20,60.00,2662
2025-03-06T14:54:13Z,30.20,60.00,2673
2025-03-06T14:54:50Z,30.20,60.00,2667
2025-03-06T14:55:08Z,30.20,60.00,2657
2025-03-06T14:55:42Z,30.20,60.00,2657
2025-03-06T14:56:19Z,30.20,60.00,2640
2025-03-06T14:56:49Z,30.20,60.00,2674
2025-03-06T14:57:26Z,30.20,60.00,2639
2025-03-06T14:57:44Z,30.20,60.00,2638
2025-03-06T14:58:18Z,30.20,60.00,2676
2025-03-06T14:58:55Z,30.20,60.00,2646
2025-03-06T14:59:14Z,30.20,60.00,2673
2025-03-06T14:59:52Z,30.20,60.00,2684
2025-03-06T15:00:28Z,30.20,60.00,2655
2025-03-06T15:01:01Z,30.20,60.00,2676
2025-03-06T15:01:20Z,30.20,60.00,2634
2025-03-06T15:01:57Z,30.20,60.00,2649
2025-03-06T15:02:30Z,30.20,60.00,2650
2025-03-06T15:03:03Z,30.20,60.00,2654
2025-03-06T15:03:22Z,30.20,60.00,2613
2025-03-06T15:03:56Z,30.20,60.00,2671
2025-03-06T15:04:30Z,30.20,60.00,2640
2025-03-06T15:05:03Z,30.20,60.00,2644
2025-03-06T15:05:41Z,30.20,60.00,2662
2025-03-06T15:06:11Z,30.20,60.00,2622
2025-03-06T15:06:42Z,30.20,60.00,2671
2025-03-06T15:07:00Z,30.20,60.00,2639
2025-03-06T15:07:37Z,30.20,60.00,2612
2025-03-06T15:08:11Z,30.20,60.00,2628
2025-03-06T15:08:42Z,30.20,60.00,2602
2025-03-06T15:09:00Z,30.20,60.00,2607
2025-03-06T15:09:34Z,30.20,60.00,2615
2025-03-06T15:10:08Z,30.20,60.00,2618
2025-03-06T15:10:41Z,30.20,60.00,2634
2025-03-06T15:11:18Z,30.20,60.00,2639
2025-03-06T15:11:33Z,30.20,60.00,2652
2025-03-06T15:12:07Z,30.20,60.00,2634
2025-03-06T15:12:41Z,30.20,60.00,2658
2025-03-06T15:13:15Z,30.20,61.00,2642
2025-03-06T15:13:52Z,30.20,61.00,2608
2025-03-06T15:14:22Z,30.20,61.00,2597
2025-03-06T15:14:37Z,30.20,61.00,2644
2025-03-06T15:15:14Z,30.20,61.00,2644
2025-03-06T15:15:47Z,30.20,61.00,2604
2025-03-06T15:16:21Z,30.20,61.00,2609
2025-03-06T15:16:58Z,30.20,61.00,2614
2025-03-06T15:17:17Z,30.20,61.00,2617
2025-03-06T15:17:54Z,30.20,61.00,2607
2025-03-06T15:18:26Z,30.20,61.00,2602
2025-03-06T15:18:45Z,30.20,61.00,2612
2025-03-06T15:19:21Z,30.20,61.00,2613
2025-03-06T15:19:52Z,30.20,61.00,2608
2025-03-06T15:20:22Z,30.20,61.00,2618
2025-03-06T15:20:52Z,30.20,61.00,2639
2025-03-06T15:21:22Z,30.20,61.00,2639
2025-03-06T15:21:53Z,30.20,61.00,2618
2025-03-06T15:22:24Z,30.20,61.00,2633
2025-03-06T15:22:55Z,30.20,62.00,2618
2025-03-06T15:23:27Z,30.20,62.00,2592
2025-03-06T15:23:57Z,30.20,62.00,2594
2025-03-06T15:24:28Z,30.20,62.00,2602
2025-03-06T15:25:00Z,30.20,62.00,2580
2025-03-06T15:25:35Z,30.20,62.00,2582
2025-03-06T15:26:05Z,30.20,62.00,2606
2025-03-06T15:26:36Z,30.20,62.00,2610
2025-03-06T15:27:10Z,30.20,62.00,2594
2025-03-06T15:27:44Z,30.20,62.00,2589
2025-03-06T15:28:03Z,30.20,62.00,2601
2025-03-06T15:28:36Z,30.20,62.00,2584
2025-03-06T15:29:07Z,30.20,62.00,2603
2025-03-06T15:29:37Z,30.20,62.00,2620
2025-03-06T15:30:10Z,30.20,62.00,2598
2025-03-06T15:30:42Z,30.20,62.00,2607
2025-03-06T15:31:13Z,30.20,62.00,2595
2025-03-06T15:31:46Z,30.20,62.00,2607
2025-03-06T15:32:17Z,30.20,62.00,2588
2025-03-06T15:32:48Z,30.20,62.00,2592
2025-03-06T15:33:21Z,30.20,62.00,2601
2025-03-06T15:33:57Z,30.20,62.00,2595
2025-03-06T15:34:14Z,30.20,62.00,2561
2025-03-06T15:34:46Z,30.20,62.00,2601
2025-03-06T15:35:17Z,30.20,62.00,2602
2025-03-06T15:35:48Z,30.20,62.00,2594
2025-03-06T15:36:20Z,30.20,62.00,2594
2025-03-06T15:36:51Z,30.20,62.00,2576
2025-03-06T15:37:25Z,30.20,62.00,2560
2025-03-06T15:37:56Z,30.20,62.00,2570
2025-03-06T15:38:29Z,30.20,62.00,2586
2025-03-06T15:38:59Z,30.20,62.00,2587
2025-03-06T15:39:33Z,30.20,62.00,2575
2025-03-06T15:39:51Z,30.20,62.00,2606
2025-03-06T15:40:28Z,30.20,62.00,2575
2025-03-06T15:41:01Z,30.20,62.00,2560
2025-03-06T15:41:34Z,30.20,62.00,2560
2025-03-06T15:42:05Z,30.20,62.00,2560
2025-03-06T15:42:36Z,30.20,62.00,2588
2025-03-06T15:43:07Z,30.20,62.00,2582
2025-03-06T15:43:41Z,30.20,63.00,2537
2025-03-06T15:44:12Z,30.20,63.00,2560
2025-03-06T15:44:43Z,30.20,63.00,2526
2025-03-06T15:45:14Z,30.20,63.00,2560
2025-03-06T15:45:45Z,30.20,63.00,2541
2025-03-06T15:46:00Z,30.20,63.00,2536
2025-03-06T15:46:37Z,30.20,63.00,2532
2025-03-06T15:47:11Z,30.20,63.00,2575
2025-03-06T15:47:41Z,30.20,63.00,2575
2025-03-06T15:48:11Z,30.20,63.00,2574
2025-03-06T15:48:42Z,30.20,63.00,2560
2025-03-06T15:49:17Z,30.20,63.00,2560
2025-03-06T15:49:51Z,30.20,63.00,2526
2025-03-06T15:50:22Z,30.20,63.00,2560
2025-03-06T15:50:52Z,30.20,63.00,2560
2025-03-06T15:51:26Z,30.20,63.00,2560
2025-03-06T15:51:44Z,30.20,63.00,2573
2025-03-06T15:52:14Z,30.20,63.00,2532
2025-03-06T15:52:48Z,30.20,63.00,2536
2025-03-06T15:53:22Z,30.20,63.00,2540
2025-03-06T15:53:55Z,30.20,63.00,2576
2025-03-06T15:54:28Z,30.20,63.00,2540
2025-03-06T15:54:59Z,30.20,63.00,2516
2025-03-06T15:55:29Z,30.20,63.00,2533
2025-03-06T15:55:45Z,30.20,63.00,2541
2025-03-06T15:56:34Z,30.20,63.00,2560
2025-03-06T15:56:52Z,30.20,64.00,2560
2025-03-06T15:57:26Z,30.20,64.00,2560
2025-03-06T15:58:03Z,30.20,64.00,2560
2025-03-06T15:58:34Z,30.20,63.00,2532
2025-03-06T15:59:04Z,30.20,64.00,2560
2025-03-06T15:59:23Z,30.20,64.00,2497
2025-03-06T15:59:57Z,30.20,64.00,2560
2025-03-06T16:00:30Z,30.20,63.00,2526
2025-03-06T16:01:04Z,30.20,64.00,2514
2025-03-06T16:01:38Z,30.20,64.00,2515
2025-03-06T16:02:12Z,30.20,64.00,2517
2025-03-06T16:02:27Z,30.20,64.00,2521
2025-03-06T16:03:03Z,30.20,64.00,2511
2025-03-06T16:03:37Z,30.20,64.00,2517
2025-03-06T16:04:11Z,30.20,64.00,2513
2025-03-06T16:04:45Z,30.20,64.00,2511
2025-03-06T16:05:17Z,30.20,64.00,2507
2025-03-06T16:05:48Z,30.10,64.00,2502
2025-03-06T16:06:04Z,29.80,65.00,2511
2025-03-06T16:06:41Z,29.80,65.00,2512
2025-03-06T16:07:15Z,29.80,65.00,2502
2025-03-06T16:07:45Z,29.80,66.00,2496
2025-03-06T16:08:16Z,29.80,66.00,2499
2025-03-06T16:08:49Z,29.80,66.00,2502
2025-03-06T16:09:23Z,29.80,66.00,2508
2025-03-06T16:09:54Z,29.80,66.00,2497
2025-03-06T16:10:25Z,29.80,66.00,2496
2025-03-06T16:10:44Z,29.80,66.00,2482
2025-03-06T16:11:14Z,29.80,67.00,2495
2025-03-06T16:11:45Z,29.80,67.00,2495
2025-03-06T16:12:19Z,29.80,67.00,2488
2025-03-06T16:12:53Z,29.80,67.00,2491
2025-03-06T16:13:23Z,29.80,67.00,2479
2025-03-06T16:13:53Z,29.80,67.00,2478
2025-03-06T16:14:31Z,29.80,67.00,2479
2025-03-06T16:15:01Z,29.80,67.00,2486
2025-03-06T16:15:31Z,29.80,67.00,2484
2025-03-06T16:16:05Z,29.80,67.00,2482
2025-03-06T16:16:20Z,29.80,67.00,2476
2025-03-06T16:16:57Z,29.80,67.00,2475
2025-03-06T16:17:34Z,29.80,67.00,2502
2025-03-06T16:18:08Z,29.80,67.00,2479
2025-03-06T16:18:23Z,29.80,67.00,2479
2025-03-06T16:19:11Z,29.80,67.00,2477
2025-03-06T16:19:41Z,29.80,67.00,2479
2025-03-06T16:20:12Z,29.80,67.00,2469
2025-03-06T16:20:28Z,29.80,67.00,2459
2025-03-06T16:21:01Z,29.80,67.00,2461
2025-03-06T16:21:35Z,29.80,67.00,2462
2025-03-06T16:22:05Z,29.80,67.00,2462
2025-03-06T16:22:35Z,29.80,67.00,2458
2025-03-06T16:23:09Z,29.80,67.00,2461
2025-03-06T16:23:41Z,29.80,67.00,2454
2025-03-06T16:24:11Z,29.80,67.00,2448
2025-03-06T16:24:47Z,29.80,67.00,2446
2025-03-06T16:25:19Z,29.80,67.00,2447
2025-03-06T16:25:34Z,29.80,67.00,2450
2025-03-06T16:26:11Z,29.80,67.00,2441
2025-03-06T16:26:45Z,29.80,67.00,2447
2025-03-06T16:27:18Z,29.80,68.00,2452
2025-03-06T16:27:49Z,29.80,68.00,2440
2025-03-06T16:28:07Z,29.80,68.00,2447
2025-03-06T16:28:41Z,29.80,68.00,2432
2025-03-06T16:29:15Z,29.40,68.00,2447
2025-03-06T16:29:45Z,29.30,68.00,2433
2025-03-06T16:30:19Z,29.30,68.00,2451
2025-03-06T16:30:49Z,29.80,68.00,2447
2025-03-06T16:31:20Z,29.80,68.00,2444
2025-03-06T16:31:52Z,29.80,68.00,2441
2025-03-06T16:32:26Z,29.80,68.00,2431
2025-03-06T16:32:57Z,29.80,68.00,2444
2025-03-06T16:33:28Z,29.80,68.00,2438
2025-03-06T16:33:59Z,29.80,67.00,2431
2025-03-06T16:34:30Z,29.80,67.00,2428
2025-03-06T16:35:04Z,29.80,68.00,2429
2025-03-06T16:35:34Z,29.80,68.00,2434
2025-03-06T16:36:07Z,29.80,68.00,2427
2025-03-06T16:36:37Z,29.80,68.00,2433
2025-03-06T16:36:56Z,29.80,68.00,2415
2025-03-06T16:37:33Z,29.80,68.00,2417
2025-03-06T16:38:05Z,29.80,68.00,2419
2025-03-06T16:38:35Z,29.80,68.00,2416
2025-03-06T16:39:12Z,29.80,68.00,2412
2025-03-06T16:39:30Z,29.80,68.00,2426
2025-03-06T16:40:01Z,29.80,68.00,2424
2025-03-06T16:40:35Z,29.80,68.00,2421
2025-03-06T16:41:05Z,29.80,68.00,2413
2025-03-06T16:41:39Z,29.80,68.00,2412
2025-03-06T16:42:13Z,29.80,68.00,2400
2025-03-06T16:42:47Z,29.80,68.00,2412
2025-03-06T16:43:17Z,29.80,68.00,2405
2025-03-06T16:43:47Z,29.80,68.00,2395
2025-03-06T16:44:21Z,29.80,68.00,2398
2025-03-06T16:44:52Z,29.50,68.00,2393
2025-03-06T16:45:08Z,29.30,68.00,2388
2025-03-06T16:45:43Z,29.30,68.00,2384
2025-03-06T16:46:21Z,29.30,68.00,2392
2025-03-06T16:46:40Z,29.30,68.00,2392
2025-03-06T16:47:15Z,29.30,68.00,2393
2025-03-06T16:47:52Z,29.30,68.00,2370
2025-03-06T16:48:26Z,29.30,68.00,2383
2025-03-06T16:48:57Z,29.30,68.00,2376
2025-03-06T16:49:12Z,29.30,68.00,2392
2025-03-06T16:49:50Z,29.30,68.00,2370
2025-03-06T16:50:23Z,29.30,68.00,2379
2025-03-06T16:50:54Z,29.30,68.00,2378
2025-03-06T16:51:31Z,29.30,68.00,2367
2025-03-06T16:52:02Z,29.30,68.00,2367
2025-03-06T16:52:19Z,29.30,68.00,2357
2025-03-06T16:52:56Z,29.30,68.00,2370
2025-03-06T16:53:27Z,29.70,68.00,2366
2025-03-06T16:54:01Z,29.80,68.00,2356
2025-03-06T16:54:32Z,29.60,68.00,2351
2025-03-06T16:55:06Z,29.30,68.00,2357
2025-03-06T16:55:25Z,29.40,68.00,2350
2025-03-06T16:55:59Z,29.30,68.00,2361
2025-03-06T16:56:32Z,29.30,68.00,2354
2025-03-06T16:57:03Z,29.30,68.00,2362
